technique,training_time_sec,gpu_max_memory_GB,trainable_parameters,total_parameters,model_disk_size_MB
full-finetuning,2314.2607316970825,5.409740447998047,222882048,222882048,5961.11346244812
lora,1899.031981229782,2.8909149169921875,1769472,224651520,56.85439491271973
adapters,1708.379017829895,2.6050825119018555,3578112,226460160,1896.9432315826416
prefix-tuning,1292.1041219234467,1.8337783813476562,737280,223619328,28.720224380493164
prompt-tuning,1681.4619240760803,2.4802045822143555,30720,222912768,9.85310173034668
