{
    "technique": "prefix_tuning",
    "training_time_sec": 11832.132436037064,
    "gpu_max_memory_GB": 3.463350772857666,
    "trainable_parameters": 14787840,
    "total_parameters": 139031040,
    "model_disk_size_MB": 245.42953395843506
}