technique,training_time_sec,gpu_max_memory_GB,trainable_parameters,total_parameters,model_disk_size_MB
full-finetuning,16517.25069117546,4.896078586578369,124243200,124243200,3331.3645153045654
lora,12318.075673818588,3.589991569519043,811008,125054208,35.24588871002197
adapters,12610.025565385818,4.047384738922119,1789056,126032256,1175.7720861434937
prefix-tuning,11832.132436037064,3.463350772857666,14787840,139031040,245.42953395843506
prompt-tuning,12691.856303215027,3.5289111137390137,38400,124281600,14.476734161376953
