{
    "technique": "prompt_tuning_seq2seq",
    "training_time_sec": 1789.322669506073,
    "gpu_max_memory_GB": 2.542296886444092,
    "trainable_parameters": 76800,
    "total_parameters": 222958848,
    "model_disk_size_MB": 11.113931655883789
}